"cuadrante","sector","cvegeo","municipio"
"C-1.1.1","REVOLUCION-ALAMEDA",9015,"CUAUHTEMOC"
"C-1.1.2","CORREDOR-CENTRO",9015,"CUAUHTEMOC"
"C-1.1.3","CORREDOR-CENTRO",9015,"CUAUHTEMOC"
"C-1.1.4","MIXCALCO-HERALDO",9015,"CUAUHTEMOC"
"C-1.1.6","REVOLUCION-ALAMEDA",9015,"CUAUHTEMOC"
"C-1.1.7","REVOLUCION-ALAMEDA",9015,"CUAUHTEMOC"
"C-1.1.8","REVOLUCION-ALAMEDA",9015,"CUAUHTEMOC"
"C-1.1.9","REVOLUCION-ALAMEDA",9015,"CUAUHTEMOC"
"C-1.2.1","MIXCALCO-HERALDO",9015,"CUAUHTEMOC"
"C-1.2.2","MIXCALCO-HERALDO",9015,"CUAUHTEMOC"
"C-1.2.3","MIXCALCO-HERALDO",9015,"CUAUHTEMOC"
"C-1.2.4","MIXCALCO-HERALDO",9015,"CUAUHTEMOC"
"C-1.2.5","MIXCALCO-HERALDO",9015,"CUAUHTEMOC"
"C-1.2.6","MIXCALCO-HERALDO",9015,"CUAUHTEMOC"
"C-1.2.7","CORREDOR-CENTRO",9015,"CUAUHTEMOC"
"C-1.2.8","CORREDOR-CENTRO",9015,"CUAUHTEMOC"
"C-1.3.1","REVOLUCION-ALAMEDA",9015,"CUAUHTEMOC"
"C-1.3.10","ANGEL-ZONA ROSA",9015,"CUAUHTEMOC"
"C-1.3.11","ANGEL-ZONA ROSA",9015,"CUAUHTEMOC"
"C-1.3.12","ANGEL-ZONA ROSA",9015,"CUAUHTEMOC"
"C-1.3.13","ANGEL-ZONA ROSA",9015,"CUAUHTEMOC"
"C-1.3.14","ANGEL-ZONA ROSA",9015,"CUAUHTEMOC"
"C-1.3.15","ANGEL-ZONA ROSA",9015,"CUAUHTEMOC"
"C-1.3.16","ANGEL-ZONA ROSA",9015,"CUAUHTEMOC"
"C-1.3.17","ANGEL-ZONA ROSA",9015,"CUAUHTEMOC"
"C-1.3.18","ANGEL-ZONA ROSA",9015,"CUAUHTEMOC"
"C-1.3.19","ANGEL-ZONA ROSA",9015,"CUAUHTEMOC"
"C-1.3.2","REVOLUCION-ALAMEDA",9015,"CUAUHTEMOC"
"C-1.3.20","ANGEL-ZONA ROSA",9015,"CUAUHTEMOC"
"C-1.3.3","REVOLUCION-ALAMEDA",9015,"CUAUHTEMOC"
"C-1.3.4","REVOLUCION-ALAMEDA",9015,"CUAUHTEMOC"
"C-1.3.5","REVOLUCION-ALAMEDA",9015,"CUAUHTEMOC"
"C-1.3.6","REVOLUCION-ALAMEDA",9015,"CUAUHTEMOC"
"C-1.3.7","REVOLUCION-ALAMEDA",9015,"CUAUHTEMOC"
"C-1.3.8","REVOLUCION-ALAMEDA",9015,"CUAUHTEMOC"
"C-1.3.9","ANGEL-ZONA ROSA",9015,"CUAUHTEMOC"
"C-1.5.5","MIXCALCO-HERALDO",9015,"CUAUHTEMOC"
"C-2.1.1","ASTURIAS",9015,"CUAUHTEMOC"
"C-2.1.10","ASTURIAS",9015,"CUAUHTEMOC"
"C-2.1.11","ASTURIAS",9015,"CUAUHTEMOC"
"C-2.1.12","ASTURIAS",9015,"CUAUHTEMOC"
"C-2.1.13","ASTURIAS",9015,"CUAUHTEMOC"
"C-2.1.14","ASTURIAS",9015,"CUAUHTEMOC"
"C-2.1.15","ASTURIAS",9015,"CUAUHTEMOC"
"C-2.1.16","ASTURIAS",9015,"CUAUHTEMOC"
"C-2.1.17","ASTURIAS",9015,"CUAUHTEMOC"
"C-2.1.18","ASTURIAS",9015,"CUAUHTEMOC"
"C-2.1.2","ASTURIAS",9015,"CUAUHTEMOC"
"C-2.1.3","ASTURIAS",9015,"CUAUHTEMOC"
"C-2.1.4","ASTURIAS",9015,"CUAUHTEMOC"
"C-2.1.5","ASTURIAS",9015,"CUAUHTEMOC"
"C-2.1.6","ASTURIAS",9015,"CUAUHTEMOC"
"C-2.1.7","ASTURIAS",9015,"CUAUHTEMOC"
"C-2.1.8","ASTURIAS",9015,"CUAUHTEMOC"
"C-2.1.9","ASTURIAS",9015,"CUAUHTEMOC"
"C-2.2.1","BUENAVISTA",9015,"CUAUHTEMOC"
"C-2.2.10","BUENAVISTA",9015,"CUAUHTEMOC"
"C-2.2.11","BUENAVISTA",9015,"CUAUHTEMOC"
"C-2.2.12","BUENAVISTA",9015,"CUAUHTEMOC"
"C-2.2.13","BUENAVISTA",9015,"CUAUHTEMOC"
"C-2.2.14","BUENAVISTA",9015,"CUAUHTEMOC"
"C-2.2.15","BUENAVISTA",9015,"CUAUHTEMOC"
"C-2.2.16","BUENAVISTA",9015,"CUAUHTEMOC"
"C-2.2.17","REVOLUCION-ALAMEDA",9015,"CUAUHTEMOC"
"C-2.2.18","REVOLUCION-ALAMEDA",9015,"CUAUHTEMOC"
"C-2.2.2","BUENAVISTA",9015,"CUAUHTEMOC"
"C-2.2.3","BUENAVISTA",9015,"CUAUHTEMOC"
"C-2.2.4","BUENAVISTA",9015,"CUAUHTEMOC"
"C-2.2.5","BUENAVISTA",9015,"CUAUHTEMOC"
"C-2.2.6","BUENAVISTA",9015,"CUAUHTEMOC"
"C-2.2.7","BUENAVISTA",9015,"CUAUHTEMOC"
"C-2.2.8","BUENAVISTA",9015,"CUAUHTEMOC"
"C-2.2.9","BUENAVISTA",9015,"CUAUHTEMOC"
"C-2.3.1","MORELOS",9015,"CUAUHTEMOC"
"C-2.3.2","MORELOS",9015,"CUAUHTEMOC"
"C-2.3.3","MORELOS",9015,"CUAUHTEMOC"
"C-2.3.4","MORELOS",9015,"CUAUHTEMOC"
"C-2.3.5","MORELOS",9015,"CUAUHTEMOC"
"C-2.4.1","ROMA",9015,"CUAUHTEMOC"
"C-2.4.10","ROMA",9015,"CUAUHTEMOC"
"C-2.4.11","ROMA",9015,"CUAUHTEMOC"
"C-2.4.12","ROMA",9015,"CUAUHTEMOC"
"C-2.4.13","ROMA",9015,"CUAUHTEMOC"
"C-2.4.14","ROMA",9015,"CUAUHTEMOC"
"C-2.4.15","ROMA",9015,"CUAUHTEMOC"
"C-2.4.2","ROMA",9015,"CUAUHTEMOC"
"C-2.4.3","ROMA",9015,"CUAUHTEMOC"
"C-2.4.4","ROMA",9015,"CUAUHTEMOC"
"C-2.4.5","ROMA",9015,"CUAUHTEMOC"
"C-2.4.6","ROMA",9015,"CUAUHTEMOC"
"C-2.4.7","ROMA",9015,"CUAUHTEMOC"
"C-2.4.8","ROMA",9015,"CUAUHTEMOC"
"C-2.4.9","ROMA",9015,"CUAUHTEMOC"
"C-2.5.1","TLATELOLCO",9015,"CUAUHTEMOC"
"C-2.5.10","TLATELOLCO",9015,"CUAUHTEMOC"
"C-2.5.11","TLATELOLCO",9015,"CUAUHTEMOC"
"C-2.5.12","TLATELOLCO",9015,"CUAUHTEMOC"
"C-2.5.2","TLATELOLCO",9015,"CUAUHTEMOC"
"C-2.5.3","TLATELOLCO",9015,"CUAUHTEMOC"
"C-2.5.4","TLATELOLCO",9015,"CUAUHTEMOC"
"C-2.5.5","TLATELOLCO",9015,"CUAUHTEMOC"
"C-2.5.6","TLATELOLCO",9015,"CUAUHTEMOC"
"C-2.5.7","TLATELOLCO",9015,"CUAUHTEMOC"
"C-2.5.8","TLATELOLCO",9015,"CUAUHTEMOC"
"C-2.5.9","TLATELOLCO",9015,"CUAUHTEMOC"
"N-1.1.1","CUAUTEPEC",9005,"GUSTAVO A MADERO"
"N-1.1.10","CUAUTEPEC",9005,"GUSTAVO A MADERO"
"N-1.1.11","CUAUTEPEC",9005,"GUSTAVO A MADERO"
"N-1.1.12","CUAUTEPEC",9005,"GUSTAVO A MADERO"
"N-1.1.13","CUAUTEPEC",9005,"GUSTAVO A MADERO"
"N-1.1.14","CUAUTEPEC",9005,"GUSTAVO A MADERO"
"N-1.1.15","CUAUTEPEC",9005,"GUSTAVO A MADERO"
"N-1.1.16","CUAUTEPEC",9005,"GUSTAVO A MADERO"
"N-1.1.17","CUAUTEPEC",9005,"GUSTAVO A MADERO"
"N-1.1.18","CUAUTEPEC",9005,"GUSTAVO A MADERO"
"N-1.1.19","CUAUTEPEC",9005,"GUSTAVO A MADERO"
"N-1.1.2","CUAUTEPEC",9005,"GUSTAVO A MADERO"
"N-1.1.20","CUAUTEPEC",9005,"GUSTAVO A MADERO"
"N-1.1.21","CUAUTEPEC",9005,"GUSTAVO A MADERO"
"N-1.1.3","CUAUTEPEC",9005,"GUSTAVO A MADERO"
"N-1.1.4","CUAUTEPEC",9005,"GUSTAVO A MADERO"
"N-1.1.5","CUAUTEPEC",9005,"GUSTAVO A MADERO"
"N-1.1.6","CUAUTEPEC",9005,"GUSTAVO A MADERO"
"N-1.1.7","CUAUTEPEC",9005,"GUSTAVO A MADERO"
"N-1.1.8","CUAUTEPEC",9005,"GUSTAVO A MADERO"
"N-1.1.9","CUAUTEPEC",9005,"GUSTAVO A MADERO"
"N-1.2.1","LINDAVISTA",9005,"GUSTAVO A MADERO"
"N-1.2.10","LINDAVISTA",9005,"GUSTAVO A MADERO"
"N-1.2.11","LINDAVISTA",9005,"GUSTAVO A MADERO"
"N-1.2.12","LINDAVISTA",9005,"GUSTAVO A MADERO"
"N-1.2.13","LINDAVISTA",9005,"GUSTAVO A MADERO"
"N-1.2.14","LINDAVISTA",9005,"GUSTAVO A MADERO"
"N-1.2.15","LINDAVISTA",9005,"GUSTAVO A MADERO"
"N-1.2.16","LINDAVISTA",9005,"GUSTAVO A MADERO"
"N-1.2.17","LINDAVISTA",9005,"GUSTAVO A MADERO"
"N-1.2.2","LINDAVISTA",9005,"GUSTAVO A MADERO"
"N-1.2.3","LINDAVISTA",9005,"GUSTAVO A MADERO"
"N-1.2.4","LINDAVISTA",9005,"GUSTAVO A MADERO"
"N-1.2.5","LINDAVISTA",9005,"GUSTAVO A MADERO"
"N-1.2.6","LINDAVISTA",9005,"GUSTAVO A MADERO"
"N-1.2.7","LINDAVISTA",9005,"GUSTAVO A MADERO"
"N-1.2.8","LINDAVISTA",9005,"GUSTAVO A MADERO"
"N-1.2.9","LINDAVISTA",9005,"GUSTAVO A MADERO"
"N-1.3.1","TICOMAN",9005,"GUSTAVO A MADERO"
"N-1.3.10","TICOMAN",9005,"GUSTAVO A MADERO"
"N-1.3.11","TICOMAN",9005,"GUSTAVO A MADERO"
"N-1.3.12","TICOMAN",9005,"GUSTAVO A MADERO"
"N-1.3.13","TICOMAN",9005,"GUSTAVO A MADERO"
"N-1.3.2","TICOMAN",9005,"GUSTAVO A MADERO"
"N-1.3.3","TICOMAN",9005,"GUSTAVO A MADERO"
"N-1.3.4","TICOMAN",9005,"GUSTAVO A MADERO"
"N-1.3.5","TICOMAN",9005,"GUSTAVO A MADERO"
"N-1.3.6","TICOMAN",9005,"GUSTAVO A MADERO"
"N-1.3.7","TICOMAN",9005,"GUSTAVO A MADERO"
"N-1.3.8","TICOMAN",9005,"GUSTAVO A MADERO"
"N-1.3.9","TICOMAN",9005,"GUSTAVO A MADERO"
"N-1.4.1","TEPEYAC",9005,"GUSTAVO A MADERO"
"N-1.4.2","TEPEYAC",9005,"GUSTAVO A MADERO"
"N-1.4.3","TEPEYAC",9005,"GUSTAVO A MADERO"
"N-1.4.4","TEPEYAC",9005,"GUSTAVO A MADERO"
"N-1.4.5","TEPEYAC",9005,"GUSTAVO A MADERO"
"N-1.4.6","TEPEYAC",9005,"GUSTAVO A MADERO"
"N-1.4.7","TEPEYAC",9005,"GUSTAVO A MADERO"
"N-1.4.8","TEPEYAC",9005,"GUSTAVO A MADERO"
"N-1.4.9","TEPEYAC",9005,"GUSTAVO A MADERO"
"N-2.1.1","ARAGON",9005,"GUSTAVO A MADERO"
"N-2.1.2","ARAGON",9005,"GUSTAVO A MADERO"
"N-2.1.3","ARAGON",9005,"GUSTAVO A MADERO"
"N-2.1.4","ARAGON",9005,"GUSTAVO A MADERO"
"N-2.1.5","ARAGON",9005,"GUSTAVO A MADERO"
"N-2.1.6","ARAGON",9005,"GUSTAVO A MADERO"
"N-2.1.7","ARAGON",9005,"GUSTAVO A MADERO"
"N-2.1.8","ARAGON",9005,"GUSTAVO A MADERO"
"N-2.1.9","ARAGON",9005,"GUSTAVO A MADERO"
"N-2.2.1","CUCHILLA",9005,"GUSTAVO A MADERO"
"N-2.2.2","CUCHILLA",9005,"GUSTAVO A MADERO"
"N-2.2.3","CUCHILLA",9005,"GUSTAVO A MADERO"
"N-2.2.4","CUCHILLA",9005,"GUSTAVO A MADERO"
"N-2.2.5","CUCHILLA",9005,"GUSTAVO A MADERO"
"N-2.2.6","CUCHILLA",9005,"GUSTAVO A MADERO"
"N-2.2.7","CUCHILLA",9005,"GUSTAVO A MADERO"
"N-2.2.8","CUCHILLA",9005,"GUSTAVO A MADERO"
"N-2.3.1","PRADERA",9005,"GUSTAVO A MADERO"
"N-2.3.10","PRADERA",9005,"GUSTAVO A MADERO"
"N-2.3.11","PRADERA",9005,"GUSTAVO A MADERO"
"N-2.3.2","PRADERA",9005,"GUSTAVO A MADERO"
"N-2.3.3","PRADERA",9005,"GUSTAVO A MADERO"
"N-2.3.4","PRADERA",9005,"GUSTAVO A MADERO"
"N-2.3.5","PRADERA",9005,"GUSTAVO A MADERO"
"N-2.3.6","PRADERA",9005,"GUSTAVO A MADERO"
"N-2.3.7","PRADERA",9005,"GUSTAVO A MADERO"
"N-2.3.8","PRADERA",9005,"GUSTAVO A MADERO"
"N-2.3.9","PRADERA",9005,"GUSTAVO A MADERO"
"N-2.4.1","QUIROGA",9005,"GUSTAVO A MADERO"
"N-2.4.10","QUIROGA",9005,"GUSTAVO A MADERO"
"N-2.4.2","QUIROGA",9005,"GUSTAVO A MADERO"
"N-2.4.3","QUIROGA",9005,"GUSTAVO A MADERO"
"N-2.4.4","QUIROGA",9005,"GUSTAVO A MADERO"
"N-2.4.5","QUIROGA",9005,"GUSTAVO A MADERO"
"N-2.4.6","QUIROGA",9005,"GUSTAVO A MADERO"
"N-2.4.7","QUIROGA",9005,"GUSTAVO A MADERO"
"N-2.4.8","QUIROGA",9005,"GUSTAVO A MADERO"
"N-2.4.9","QUIROGA",9005,"GUSTAVO A MADERO"
"N-3.1.1","IZTACCIHUATL",9006,"IZTACALCO"
"N-3.1.2","IZTACCIHUATL",9006,"IZTACALCO"
"N-3.1.3","IZTACCIHUATL",9006,"IZTACALCO"
"N-3.1.4","IZTACCIHUATL",9006,"IZTACALCO"
"N-3.1.5","IZTACCIHUATL",9006,"IZTACALCO"
"N-3.1.6","IZTACCIHUATL",9006,"IZTACALCO"
"N-3.1.7","IZTACCIHUATL",9006,"IZTACALCO"
"N-3.1.8","IZTACCIHUATL",9006,"IZTACALCO"
"N-3.1.9","IZTACCIHUATL",9006,"IZTACALCO"
"N-3.2.1","PANTITLAN",9006,"IZTACALCO"
"N-3.2.10","PANTITLAN",9006,"IZTACALCO"
"N-3.2.11","PANTITLAN",9006,"IZTACALCO"
"N-3.2.12","PANTITLAN",9006,"IZTACALCO"
"N-3.2.13","PANTITLAN",9006,"IZTACALCO"
"N-3.2.14","PANTITLAN",9006,"IZTACALCO"
"N-3.2.15","PANTITLAN",9006,"IZTACALCO"
"N-3.2.16","PANTITLAN",9006,"IZTACALCO"
"N-3.2.2","PANTITLAN",9006,"IZTACALCO"
"N-3.2.3","PANTITLAN",9006,"IZTACALCO"
"N-3.2.4","PANTITLAN",9006,"IZTACALCO"
"N-3.2.5","PANTITLAN",9006,"IZTACALCO"
"N-3.2.6","PANTITLAN",9006,"IZTACALCO"
"N-3.2.7","PANTITLAN",9006,"IZTACALCO"
"N-3.2.8","PANTITLAN",9006,"IZTACALCO"
"N-3.2.9","PANTITLAN",9006,"IZTACALCO"
"N-3.3.1","TLACOTAL",9006,"IZTACALCO"
"N-3.3.10","TLACOTAL",9006,"IZTACALCO"
"N-3.3.11","TLACOTAL",9006,"IZTACALCO"
"N-3.3.12","TLACOTAL",9006,"IZTACALCO"
"N-3.3.2","TLACOTAL",9006,"IZTACALCO"
"N-3.3.3","TLACOTAL",9006,"IZTACALCO"
"N-3.3.4","TLACOTAL",9006,"IZTACALCO"
"N-3.3.5","TLACOTAL",9006,"IZTACALCO"
"N-3.3.6","TLACOTAL",9006,"IZTACALCO"
"N-3.3.7","TLACOTAL",9006,"IZTACALCO"
"N-3.3.8","TLACOTAL",9006,"IZTACALCO"
"N-3.3.9","TLACOTAL",9006,"IZTACALCO"
"N-4.2.1","ARENAL",9017,"VENUSTIANO CARRANZA"
"N-4.2.2","ARENAL",9017,"VENUSTIANO CARRANZA"
"N-4.2.3","ARENAL",9017,"VENUSTIANO CARRANZA"
"N-4.2.4","ARENAL",9017,"VENUSTIANO CARRANZA"
"N-4.2.5","ARENAL",9017,"VENUSTIANO CARRANZA"
"N-4.2.6","ARENAL",9017,"VENUSTIANO CARRANZA"
"N-4.2.7","ARENAL",9017,"VENUSTIANO CARRANZA"
"N-4.3.1","MERCED-BALBUENA",9017,"VENUSTIANO CARRANZA"
"N-4.3.10","MERCED-BALBUENA",9017,"VENUSTIANO CARRANZA"
"N-4.3.11","MERCED-BALBUENA",9017,"VENUSTIANO CARRANZA"
"N-4.3.2","MERCED-BALBUENA",9017,"VENUSTIANO CARRANZA"
"N-4.3.3","MERCED-BALBUENA",9017,"VENUSTIANO CARRANZA"
"N-4.3.4","MERCED-BALBUENA",9017,"VENUSTIANO CARRANZA"
"N-4.3.5","MERCED-BALBUENA",9017,"VENUSTIANO CARRANZA"
"N-4.3.6","MERCED-BALBUENA",9017,"VENUSTIANO CARRANZA"
"N-4.3.7","MERCED-BALBUENA",9017,"VENUSTIANO CARRANZA"
"N-4.3.8","MERCED-BALBUENA",9017,"VENUSTIANO CARRANZA"
"N-4.3.9","MERCED-BALBUENA",9017,"VENUSTIANO CARRANZA"
"N-4.4.1","CONGRESO",9017,"VENUSTIANO CARRANZA"
"N-4.4.2","CONGRESO",9017,"VENUSTIANO CARRANZA"
"N-4.4.3","CONGRESO",9017,"VENUSTIANO CARRANZA"
"N-4.4.4","CONGRESO",9017,"VENUSTIANO CARRANZA"
"N-4.4.5","CONGRESO",9017,"VENUSTIANO CARRANZA"
"N-4.4.6","CONGRESO",9017,"VENUSTIANO CARRANZA"
"N-4.5.1","CONSULADO",9017,"VENUSTIANO CARRANZA"
"N-4.5.2","CONSULADO",9017,"VENUSTIANO CARRANZA"
"N-4.5.3","CONSULADO",9017,"VENUSTIANO CARRANZA"
"N-4.5.4","CONSULADO",9017,"VENUSTIANO CARRANZA"
"N-4.5.5","CONSULADO",9017,"VENUSTIANO CARRANZA"
"N-4.5.6","CONSULADO",9017,"VENUSTIANO CARRANZA"
"N-4.5.7","CONSULADO",9017,"VENUSTIANO CARRANZA"
"N-4.6.1","MOCTEZUMA",9017,"VENUSTIANO CARRANZA"
"N-4.6.10","MOCTEZUMA",9017,"VENUSTIANO CARRANZA"
"N-4.6.11","MOCTEZUMA",9017,"VENUSTIANO CARRANZA"
"N-4.6.12","MOCTEZUMA",9017,"VENUSTIANO CARRANZA"
"N-4.6.13","MOCTEZUMA",9017,"VENUSTIANO CARRANZA"
"N-4.6.14","MOCTEZUMA",9017,"VENUSTIANO CARRANZA"
"N-4.6.2","MOCTEZUMA",9017,"VENUSTIANO CARRANZA"
"N-4.6.3","MOCTEZUMA",9017,"VENUSTIANO CARRANZA"
"N-4.6.4","MOCTEZUMA",9017,"VENUSTIANO CARRANZA"
"N-4.6.5","MOCTEZUMA",9017,"VENUSTIANO CARRANZA"
"N-4.6.6","MOCTEZUMA",9017,"VENUSTIANO CARRANZA"
"N-4.6.7","MOCTEZUMA",9017,"VENUSTIANO CARRANZA"
"N-4.6.8","MOCTEZUMA",9017,"VENUSTIANO CARRANZA"
"N-4.6.9","MOCTEZUMA",9017,"VENUSTIANO CARRANZA"
"N-4.7.1","ZARAGOZA",9017,"VENUSTIANO CARRANZA"
"N-4.7.2","ZARAGOZA",9017,"VENUSTIANO CARRANZA"
"N-4.7.3","ZARAGOZA",9017,"VENUSTIANO CARRANZA"
"N-4.7.4","ZARAGOZA",9017,"VENUSTIANO CARRANZA"
"N-4.7.5","ZARAGOZA",9017,"VENUSTIANO CARRANZA"
"N-4.7.6","ZARAGOZA",9017,"VENUSTIANO CARRANZA"
"O-1.1.1","ABASTO-REFORMA",9007,"IZTAPALAPA"
"O-1.1.2","ABASTO-REFORMA",9007,"IZTAPALAPA"
"O-1.1.3","ABASTO-REFORMA",9007,"IZTAPALAPA"
"O-1.1.4","ABASTO-REFORMA",9007,"IZTAPALAPA"
"O-1.2.1","ABASTO-REFORMA",9007,"IZTAPALAPA"
"O-1.2.10","ABASTO-REFORMA",9007,"IZTAPALAPA"
"O-1.2.11","ABASTO-REFORMA",9007,"IZTAPALAPA"
"O-1.2.12","ABASTO-REFORMA",9007,"IZTAPALAPA"
"O-1.2.13","ABASTO-REFORMA",9007,"IZTAPALAPA"
"O-1.2.14","ABASTO-REFORMA",9007,"IZTAPALAPA"
"O-1.2.15","ABASTO-REFORMA",9007,"IZTAPALAPA"
"O-1.2.16","ABASTO-REFORMA",9007,"IZTAPALAPA"
"O-1.2.17","ABASTO-REFORMA",9007,"IZTAPALAPA"
"O-1.2.18","ABASTO-REFORMA",9007,"IZTAPALAPA"
"O-1.2.2","ABASTO-REFORMA",9007,"IZTAPALAPA"
"O-1.2.3","ABASTO-REFORMA",9007,"IZTAPALAPA"
"O-1.2.4","ABASTO-REFORMA",9007,"IZTAPALAPA"
"O-1.2.5","ABASTO-REFORMA",9007,"IZTAPALAPA"
"O-1.2.6","ABASTO-REFORMA",9007,"IZTAPALAPA"
"O-1.2.7","ABASTO-REFORMA",9007,"IZTAPALAPA"
"O-1.2.8","ABASTO-REFORMA",9007,"IZTAPALAPA"
"O-1.2.9","ABASTO-REFORMA",9007,"IZTAPALAPA"
"O-1.3.1","CHURUBUSCO",9007,"IZTAPALAPA"
"O-1.3.10","CHURUBUSCO",9007,"IZTAPALAPA"
"O-1.3.11","CHURUBUSCO",9007,"IZTAPALAPA"
"O-1.3.12","CHURUBUSCO",9007,"IZTAPALAPA"
"O-1.3.2","CHURUBUSCO",9007,"IZTAPALAPA"
"O-1.3.3","CHURUBUSCO",9007,"IZTAPALAPA"
"O-1.3.4","CHURUBUSCO",9007,"IZTAPALAPA"
"O-1.3.5","CHURUBUSCO",9007,"IZTAPALAPA"
"O-1.3.6","CHURUBUSCO",9007,"IZTAPALAPA"
"O-1.3.7","CHURUBUSCO",9007,"IZTAPALAPA"
"O-1.3.8","CHURUBUSCO",9007,"IZTAPALAPA"
"O-1.3.9","CHURUBUSCO",9007,"IZTAPALAPA"
"O-1.4.1","ESTRELLA",9007,"IZTAPALAPA"
"O-1.4.2","ESTRELLA",9007,"IZTAPALAPA"
"O-1.4.3","ESTRELLA",9007,"IZTAPALAPA"
"O-1.4.4","ESTRELLA",9007,"IZTAPALAPA"
"O-1.4.5","ESTRELLA",9007,"IZTAPALAPA"
"O-1.4.6","ESTRELLA",9007,"IZTAPALAPA"
"O-1.4.7","ESTRELLA",9007,"IZTAPALAPA"
"O-1.4.8","ESTRELLA",9007,"IZTAPALAPA"
"O-1.4.9","ESTRELLA",9007,"IZTAPALAPA"
"O-1.5.1","GRANJAS",9007,"IZTAPALAPA"
"O-1.5.10","GRANJAS",9007,"IZTAPALAPA"
"O-1.5.11","GRANJAS",9007,"IZTAPALAPA"
"O-1.5.12","GRANJAS",9007,"IZTAPALAPA"
"O-1.5.2","GRANJAS",9007,"IZTAPALAPA"
"O-1.5.3","GRANJAS",9007,"IZTAPALAPA"
"O-1.5.4","GRANJAS",9007,"IZTAPALAPA"
"O-1.5.5","GRANJAS",9007,"IZTAPALAPA"
"O-1.5.6","GRANJAS",9007,"IZTAPALAPA"
"O-1.5.7","GRANJAS",9007,"IZTAPALAPA"
"O-1.5.8","GRANJAS",9007,"IZTAPALAPA"
"O-1.5.9","GRANJAS",9007,"IZTAPALAPA"
"O-2.1.1","OASIS",9007,"IZTAPALAPA"
"O-2.1.10","OASIS",9007,"IZTAPALAPA"
"O-2.1.11","OASIS",9007,"IZTAPALAPA"
"O-2.1.12","OASIS",9007,"IZTAPALAPA"
"O-2.1.13","OASIS",9007,"IZTAPALAPA"
"O-2.1.14","OASIS",9007,"IZTAPALAPA"
"O-2.1.15","OASIS",9007,"IZTAPALAPA"
"O-2.1.16","OASIS",9007,"IZTAPALAPA"
"O-2.1.17","OASIS",9007,"IZTAPALAPA"
"O-2.1.18","OASIS",9007,"IZTAPALAPA"
"O-2.1.19","OASIS",9007,"IZTAPALAPA"
"O-2.1.2","OASIS",9007,"IZTAPALAPA"
"O-2.1.20","OASIS",9007,"IZTAPALAPA"
"O-2.1.21","OASIS",9007,"IZTAPALAPA"
"O-2.1.22","OASIS",9007,"IZTAPALAPA"
"O-2.1.23","OASIS",9007,"IZTAPALAPA"
"O-2.1.24","OASIS",9007,"IZTAPALAPA"
"O-2.1.3","OASIS",9007,"IZTAPALAPA"
"O-2.1.4","OASIS",9007,"IZTAPALAPA"
"O-2.1.5","OASIS",9007,"IZTAPALAPA"
"O-2.1.6","OASIS",9007,"IZTAPALAPA"
"O-2.1.7","OASIS",9007,"IZTAPALAPA"
"O-2.1.8","OASIS",9007,"IZTAPALAPA"
"O-2.1.9","OASIS",9007,"IZTAPALAPA"
"O-2.2.1","QUETZAL",9007,"IZTAPALAPA"
"O-2.2.10","QUETZAL",9007,"IZTAPALAPA"
"O-2.2.11","QUETZAL",9007,"IZTAPALAPA"
"O-2.2.12","QUETZAL",9007,"IZTAPALAPA"
"O-2.2.13","QUETZAL",9007,"IZTAPALAPA"
"O-2.2.14","QUETZAL",9007,"IZTAPALAPA"
"O-2.2.2","QUETZAL",9007,"IZTAPALAPA"
"O-2.2.3","QUETZAL",9007,"IZTAPALAPA"
"O-2.2.4","QUETZAL",9007,"IZTAPALAPA"
"O-2.2.5","QUETZAL",9007,"IZTAPALAPA"
"O-2.2.6","QUETZAL",9007,"IZTAPALAPA"
"O-2.2.7","QUETZAL",9007,"IZTAPALAPA"
"O-2.2.8","QUETZAL",9007,"IZTAPALAPA"
"O-2.2.9","QUETZAL",9007,"IZTAPALAPA"
"O-2.3.1","SANTA CRUZ",9007,"IZTAPALAPA"
"O-2.3.10","SANTA CRUZ",9007,"IZTAPALAPA"
"O-2.3.11","SANTA CRUZ",9007,"IZTAPALAPA"
"O-2.3.12","SANTA CRUZ",9007,"IZTAPALAPA"
"O-2.3.13","SANTA CRUZ",9007,"IZTAPALAPA"
"O-2.3.14","SANTA CRUZ",9007,"IZTAPALAPA"
"O-2.3.2","SANTA CRUZ",9007,"IZTAPALAPA"
"O-2.3.3","SANTA CRUZ",9007,"IZTAPALAPA"
"O-2.3.4","SANTA CRUZ",9007,"IZTAPALAPA"
"O-2.3.5","SANTA CRUZ",9007,"IZTAPALAPA"
"O-2.3.6","SANTA CRUZ",9007,"IZTAPALAPA"
"O-2.3.7","SANTA CRUZ",9007,"IZTAPALAPA"
"O-2.3.8","SANTA CRUZ",9007,"IZTAPALAPA"
"O-2.3.9","SANTA CRUZ",9007,"IZTAPALAPA"
"O-2.4.1","TEOTONGO",9007,"IZTAPALAPA"
"O-2.4.10","TEOTONGO",9007,"IZTAPALAPA"
"O-2.4.11","TEOTONGO",9007,"IZTAPALAPA"
"O-2.4.12","TEOTONGO",9007,"IZTAPALAPA"
"O-2.4.13","TEOTONGO",9007,"IZTAPALAPA"
"O-2.4.14","TEOTONGO",9007,"IZTAPALAPA"
"O-2.4.15","TEOTONGO",9007,"IZTAPALAPA"
"O-2.4.16","TEOTONGO",9007,"IZTAPALAPA"
"O-2.4.2","TEOTONGO",9007,"IZTAPALAPA"
"O-2.4.3","TEOTONGO",9007,"IZTAPALAPA"
"O-2.4.4","TEOTONGO",9007,"IZTAPALAPA"
"O-2.4.5","TEOTONGO",9007,"IZTAPALAPA"
"O-2.4.6","TEOTONGO",9007,"IZTAPALAPA"
"O-2.4.7","TEOTONGO",9007,"IZTAPALAPA"
"O-2.4.8","TEOTONGO",9007,"IZTAPALAPA"
"O-2.4.9","TEOTONGO",9007,"IZTAPALAPA"
"O-2.5.1","TEZONCO",9007,"IZTAPALAPA"
"O-2.5.10","TEZONCO",9007,"IZTAPALAPA"
"O-2.5.11","TEZONCO",9007,"IZTAPALAPA"
"O-2.5.2","TEZONCO",9007,"IZTAPALAPA"
"O-2.5.3","TEZONCO",9007,"IZTAPALAPA"
"O-2.5.4","TEZONCO",9007,"IZTAPALAPA"
"O-2.5.5","TEZONCO",9007,"IZTAPALAPA"
"O-2.5.6","TEZONCO",9007,"IZTAPALAPA"
"O-2.5.7","TEZONCO",9007,"IZTAPALAPA"
"O-2.5.8","TEZONCO",9007,"IZTAPALAPA"
"O-2.5.9","TEZONCO",9007,"IZTAPALAPA"
"O-3.1.1","MILPA ALTA",9009,"MILPA ALTA"
"O-3.1.2","MILPA ALTA",9009,"MILPA ALTA"
"O-3.1.3","MILPA ALTA",9009,"MILPA ALTA"
"O-3.1.4","MILPA ALTA",9009,"MILPA ALTA"
"O-3.1.5","MILPA ALTA",9009,"MILPA ALTA"
"O-3.2.1","TECOMITL",9009,"MILPA ALTA"
"O-3.2.2","TECOMITL",9009,"MILPA ALTA"
"O-3.2.3","TECOMITL",9009,"MILPA ALTA"
"O-3.2.4","TECOMITL",9009,"MILPA ALTA"
"O-3.3.1","MIXQUIC",9011,"TLAHUAC"
"O-3.3.10","MIXQUIC",9011,"TLAHUAC"
"O-3.3.2","MIXQUIC",9011,"TLAHUAC"
"O-3.3.3","MIXQUIC",9011,"TLAHUAC"
"O-3.3.4","MIXQUIC",9011,"TLAHUAC"
"O-3.3.5","MIXQUIC",9011,"TLAHUAC"
"O-3.3.6","MIXQUIC",9011,"TLAHUAC"
"O-3.3.7","MIXQUIC",9011,"TLAHUAC"
"O-3.3.8","MIXQUIC",9011,"TLAHUAC"
"O-3.3.9","MIXQUIC",9011,"TLAHUAC"
"O-3.4.1","ZAPOTITLA",9011,"TLAHUAC"
"O-3.4.10","ZAPOTITLA",9011,"TLAHUAC"
"O-3.4.2","ZAPOTITLA",9011,"TLAHUAC"
"O-3.4.3","ZAPOTITLA",9011,"TLAHUAC"
"O-3.4.4","ZAPOTITLA",9011,"TLAHUAC"
"O-3.4.5","ZAPOTITLA",9011,"TLAHUAC"
"O-3.4.6","ZAPOTITLA",9011,"TLAHUAC"
"O-3.4.7","ZAPOTITLA",9011,"TLAHUAC"
"O-3.4.8","ZAPOTITLA",9011,"TLAHUAC"
"O-3.4.9","ZAPOTITLA",9011,"TLAHUAC"
"O-3.5.1","LA NORIA",9013,"XOCHIMILCO"
"O-3.5.10","LA NORIA",9013,"XOCHIMILCO"
"O-3.5.2","LA NORIA",9013,"XOCHIMILCO"
"O-3.5.3","LA NORIA",9013,"XOCHIMILCO"
"O-3.5.4","LA NORIA",9013,"XOCHIMILCO"
"O-3.5.5","LA NORIA",9013,"XOCHIMILCO"
"O-3.5.6","LA NORIA",9013,"XOCHIMILCO"
"O-3.5.7","LA NORIA",9013,"XOCHIMILCO"
"O-3.5.8","LA NORIA",9013,"XOCHIMILCO"
"O-3.5.9","LA NORIA",9013,"XOCHIMILCO"
"O-3.6.1","TEPEPAN",9013,"XOCHIMILCO"
"O-3.6.10","TEPEPAN",9013,"XOCHIMILCO"
"O-3.6.2","TEPEPAN",9013,"XOCHIMILCO"
"O-3.6.3","TEPEPAN",9013,"XOCHIMILCO"
"O-3.6.4","TEPEPAN",9013,"XOCHIMILCO"
"O-3.6.5","TEPEPAN",9013,"XOCHIMILCO"
"O-3.6.6","TEPEPAN",9013,"XOCHIMILCO"
"O-3.6.7","TEPEPAN",9013,"XOCHIMILCO"
"O-3.6.8","TEPEPAN",9013,"XOCHIMILCO"
"O-3.6.9","TEPEPAN",9013,"XOCHIMILCO"
"P-1.1.1","ALPES",9010,"ALVARO OBREGON"
"P-1.1.10","ALPES",9010,"ALVARO OBREGON"
"P-1.1.2","ALPES",9010,"ALVARO OBREGON"
"P-1.1.3","ALPES",9010,"ALVARO OBREGON"
"P-1.1.4","ALPES",9010,"ALVARO OBREGON"
"P-1.1.5","ALPES",9010,"ALVARO OBREGON"
"P-1.1.6","ALPES",9010,"ALVARO OBREGON"
"P-1.1.7","ALPES",9010,"ALVARO OBREGON"
"P-1.1.8","ALPES",9010,"ALVARO OBREGON"
"P-1.1.9","ALPES",9010,"ALVARO OBREGON"
"P-1.2.1","PLATEROS",9010,"ALVARO OBREGON"
"P-1.2.10","PLATEROS",9010,"ALVARO OBREGON"
"P-1.2.11","PLATEROS",9010,"ALVARO OBREGON"
"P-1.2.2","PLATEROS",9010,"ALVARO OBREGON"
"P-1.2.3","PLATEROS",9010,"ALVARO OBREGON"
"P-1.2.4","PLATEROS",9010,"ALVARO OBREGON"
"P-1.2.5","PLATEROS",9010,"ALVARO OBREGON"
"P-1.2.6","PLATEROS",9010,"ALVARO OBREGON"
"P-1.2.7","PLATEROS",9010,"ALVARO OBREGON"
"P-1.2.8","PLATEROS",9010,"ALVARO OBREGON"
"P-1.2.9","PLATEROS",9010,"ALVARO OBREGON"
"P-1.4.1","SAN ANGEL",9010,"ALVARO OBREGON"
"P-1.4.10","SAN ANGEL",9010,"ALVARO OBREGON"
"P-1.4.11","SAN ANGEL",9010,"ALVARO OBREGON"
"P-1.4.12","SAN ANGEL",9010,"ALVARO OBREGON"
"P-1.4.13","SAN ANGEL",9010,"ALVARO OBREGON"
"P-1.4.2","SAN ANGEL",9010,"ALVARO OBREGON"
"P-1.4.3","SAN ANGEL",9010,"ALVARO OBREGON"
"P-1.4.4","SAN ANGEL",9010,"ALVARO OBREGON"
"P-1.4.5","SAN ANGEL",9010,"ALVARO OBREGON"
"P-1.4.6","SAN ANGEL",9010,"ALVARO OBREGON"
"P-1.4.7","SAN ANGEL",9010,"ALVARO OBREGON"
"P-1.4.8","SAN ANGEL",9010,"ALVARO OBREGON"
"P-1.4.9","SAN ANGEL",9010,"ALVARO OBREGON"
"P-1.5.1","SANTA FE",9010,"ALVARO OBREGON"
"P-1.5.2","SANTA FE",9010,"ALVARO OBREGON"
"P-1.5.3","SANTA FE",9010,"ALVARO OBREGON"
"P-1.5.4","SANTA FE",9010,"ALVARO OBREGON"
"P-1.5.5","SANTA FE",9010,"ALVARO OBREGON"
"P-1.5.6","SANTA FE",9010,"ALVARO OBREGON"
"P-1.5.7","SANTA FE",9010,"ALVARO OBREGON"
"P-1.6.1","CUAJIMALPA",9004,"CUAJIMALPA"
"P-1.6.2","CUAJIMALPA",9004,"CUAJIMALPA"
"P-1.6.3","CUAJIMALPA",9004,"CUAJIMALPA"
"P-1.6.4","CUAJIMALPA",9004,"CUAJIMALPA"
"P-1.6.5","CUAJIMALPA",9004,"CUAJIMALPA"
"P-1.6.6","CUAJIMALPA",9004,"CUAJIMALPA"
"P-1.6.7","CUAJIMALPA",9004,"CUAJIMALPA"
"P-1.6.8","CUAJIMALPA",9004,"CUAJIMALPA"
"P-1.7.1","EL YAQUI",9004,"CUAJIMALPA"
"P-1.7.2","EL YAQUI",9004,"CUAJIMALPA"
"P-1.7.3","EL YAQUI",9004,"CUAJIMALPA"
"P-1.7.4","EL YAQUI",9004,"CUAJIMALPA"
"P-1.7.5","EL YAQUI",9004,"CUAJIMALPA"
"P-1.7.6","EL YAQUI",9004,"CUAJIMALPA"
"P-2.1.1","CLAVERIA",9002,"AZCAPOTZALCO"
"P-2.1.10","CLAVERIA",9002,"AZCAPOTZALCO"
"P-2.1.11","CLAVERIA",9002,"AZCAPOTZALCO"
"P-2.1.12","CLAVERIA",9002,"AZCAPOTZALCO"
"P-2.1.2","CLAVERIA",9002,"AZCAPOTZALCO"
"P-2.1.3","CLAVERIA",9002,"AZCAPOTZALCO"
"P-2.1.4","CLAVERIA",9002,"AZCAPOTZALCO"
"P-2.1.5","CLAVERIA",9002,"AZCAPOTZALCO"
"P-2.1.6","CLAVERIA",9002,"AZCAPOTZALCO"
"P-2.1.7","CLAVERIA",9002,"AZCAPOTZALCO"
"P-2.1.8","CLAVERIA",9002,"AZCAPOTZALCO"
"P-2.1.9","CLAVERIA",9002,"AZCAPOTZALCO"
"P-2.2.1","CUITLAHUAC",9002,"AZCAPOTZALCO"
"P-2.2.2","CUITLAHUAC",9002,"AZCAPOTZALCO"
"P-2.2.3","CUITLAHUAC",9002,"AZCAPOTZALCO"
"P-2.2.4","CUITLAHUAC",9002,"AZCAPOTZALCO"
"P-2.2.5","CUITLAHUAC",9002,"AZCAPOTZALCO"
"P-2.2.6","CUITLAHUAC",9002,"AZCAPOTZALCO"
"P-2.2.7","CUITLAHUAC",9002,"AZCAPOTZALCO"
"P-2.2.8","CUITLAHUAC",9002,"AZCAPOTZALCO"
"P-2.2.9","CUITLAHUAC",9002,"AZCAPOTZALCO"
"P-2.3.1","HORMIGA",9002,"AZCAPOTZALCO"
"P-2.3.10","HORMIGA",9002,"AZCAPOTZALCO"
"P-2.3.11","HORMIGA",9002,"AZCAPOTZALCO"
"P-2.3.2","HORMIGA",9002,"AZCAPOTZALCO"
"P-2.3.3","HORMIGA",9002,"AZCAPOTZALCO"
"P-2.3.4","HORMIGA",9002,"AZCAPOTZALCO"
"P-2.3.5","HORMIGA",9002,"AZCAPOTZALCO"
"P-2.3.6","HORMIGA",9002,"AZCAPOTZALCO"
"P-2.3.7","HORMIGA",9002,"AZCAPOTZALCO"
"P-2.3.8","HORMIGA",9002,"AZCAPOTZALCO"
"P-2.3.9","HORMIGA",9002,"AZCAPOTZALCO"
"P-2.4.1","LA RAZA",9002,"AZCAPOTZALCO"
"P-2.4.2","LA RAZA",9002,"AZCAPOTZALCO"
"P-2.4.3","LA RAZA",9002,"AZCAPOTZALCO"
"P-2.4.4","LA RAZA",9002,"AZCAPOTZALCO"
"P-2.4.5","LA RAZA",9002,"AZCAPOTZALCO"
"P-2.4.6","LA RAZA",9002,"AZCAPOTZALCO"
"P-2.4.7","LA RAZA",9002,"AZCAPOTZALCO"
"P-3.1.1","POLANCO-CASTILLO",9016,"MIGUEL HIDALGO"
"P-3.1.10","POLANCO-CASTILLO",9016,"MIGUEL HIDALGO"
"P-3.1.11","POLANCO-CASTILLO",9016,"MIGUEL HIDALGO"
"P-3.1.12","POLANCO-CASTILLO",9016,"MIGUEL HIDALGO"
"P-3.1.13","POLANCO-CASTILLO",9016,"MIGUEL HIDALGO"
"P-3.1.14","POLANCO-CASTILLO",9016,"MIGUEL HIDALGO"
"P-3.1.15","POLANCO-CASTILLO",9016,"MIGUEL HIDALGO"
"P-3.1.2","POLANCO-CASTILLO",9016,"MIGUEL HIDALGO"
"P-3.1.3","POLANCO-CASTILLO",9016,"MIGUEL HIDALGO"
"P-3.1.4","POLANCO-CASTILLO",9016,"MIGUEL HIDALGO"
"P-3.1.5","POLANCO-CASTILLO",9016,"MIGUEL HIDALGO"
"P-3.1.6","POLANCO-CASTILLO",9016,"MIGUEL HIDALGO"
"P-3.1.7","POLANCO-CASTILLO",9016,"MIGUEL HIDALGO"
"P-3.1.8","POLANCO-CASTILLO",9016,"MIGUEL HIDALGO"
"P-3.1.9","POLANCO-CASTILLO",9016,"MIGUEL HIDALGO"
"P-3.2.1","CHAPULTEPEC",9016,"MIGUEL HIDALGO"
"P-3.2.10","CHAPULTEPEC",9016,"MIGUEL HIDALGO"
"P-3.2.11","CHAPULTEPEC",9016,"MIGUEL HIDALGO"
"P-3.2.12","CHAPULTEPEC",9016,"MIGUEL HIDALGO"
"P-3.2.2","CHAPULTEPEC",9016,"MIGUEL HIDALGO"
"P-3.2.3","CHAPULTEPEC",9016,"MIGUEL HIDALGO"
"P-3.2.4","CHAPULTEPEC",9016,"MIGUEL HIDALGO"
"P-3.2.5","CHAPULTEPEC",9016,"MIGUEL HIDALGO"
"P-3.2.6","CHAPULTEPEC",9016,"MIGUEL HIDALGO"
"P-3.2.7","CHAPULTEPEC",9016,"MIGUEL HIDALGO"
"P-3.2.8","CHAPULTEPEC",9016,"MIGUEL HIDALGO"
"P-3.2.9","CHAPULTEPEC",9016,"MIGUEL HIDALGO"
"P-3.3.1","SOTELO",9016,"MIGUEL HIDALGO"
"P-3.3.2","SOTELO",9016,"MIGUEL HIDALGO"
"P-3.3.3","SOTELO",9016,"MIGUEL HIDALGO"
"P-3.3.4","SOTELO",9016,"MIGUEL HIDALGO"
"P-3.3.5","SOTELO",9016,"MIGUEL HIDALGO"
"P-3.3.6","SOTELO",9016,"MIGUEL HIDALGO"
"P-3.3.7","SOTELO",9016,"MIGUEL HIDALGO"
"P-3.3.8","SOTELO",9016,"MIGUEL HIDALGO"
"P-3.3.9","SOTELO",9016,"MIGUEL HIDALGO"
"P-3.4.1","TACUBA",9016,"MIGUEL HIDALGO"
"P-3.4.10","TACUBA",9016,"MIGUEL HIDALGO"
"P-3.4.11","TACUBA",9016,"MIGUEL HIDALGO"
"P-3.4.12","TACUBA",9016,"MIGUEL HIDALGO"
"P-3.4.13","TACUBA",9016,"MIGUEL HIDALGO"
"P-3.4.14","TACUBA",9016,"MIGUEL HIDALGO"
"P-3.4.15","TACUBA",9016,"MIGUEL HIDALGO"
"P-3.4.16","TACUBA",9016,"MIGUEL HIDALGO"
"P-3.4.17","TACUBA",9016,"MIGUEL HIDALGO"
"P-3.4.18","TACUBA",9016,"MIGUEL HIDALGO"
"P-3.4.19","TACUBA",9016,"MIGUEL HIDALGO"
"P-3.4.2","TACUBA",9016,"MIGUEL HIDALGO"
"P-3.4.20","TACUBA",9016,"MIGUEL HIDALGO"
"P-3.4.21","TACUBA",9016,"MIGUEL HIDALGO"
"P-3.4.3","TACUBA",9016,"MIGUEL HIDALGO"
"P-3.4.4","TACUBA",9016,"MIGUEL HIDALGO"
"P-3.4.5","TACUBA",9016,"MIGUEL HIDALGO"
"P-3.4.6","TACUBA",9016,"MIGUEL HIDALGO"
"P-3.4.7","TACUBA",9016,"MIGUEL HIDALGO"
"P-3.4.8","TACUBA",9016,"MIGUEL HIDALGO"
"P-3.4.9","TACUBA",9016,"MIGUEL HIDALGO"
"P-3.5.1","TACUBAYA",9016,"MIGUEL HIDALGO"
"P-3.5.10","TACUBAYA",9016,"MIGUEL HIDALGO"
"P-3.5.11","TACUBAYA",9016,"MIGUEL HIDALGO"
"P-3.5.12","TACUBAYA",9016,"MIGUEL HIDALGO"
"P-3.5.2","TACUBAYA",9016,"MIGUEL HIDALGO"
"P-3.5.3","TACUBAYA",9016,"MIGUEL HIDALGO"
"P-3.5.4","TACUBAYA",9016,"MIGUEL HIDALGO"
"P-3.5.5","TACUBAYA",9016,"MIGUEL HIDALGO"
"P-3.5.6","TACUBAYA",9016,"MIGUEL HIDALGO"
"P-3.5.7","TACUBAYA",9016,"MIGUEL HIDALGO"
"P-3.5.8","TACUBAYA",9016,"MIGUEL HIDALGO"
"P-3.5.9","TACUBAYA",9016,"MIGUEL HIDALGO"
"S-1.1.1","NARVARTE-ALAMOS",9014,"BENITO JUAREZ"
"S-1.1.10","NARVARTE-ALAMOS",9014,"BENITO JUAREZ"
"S-1.1.11","NARVARTE-ALAMOS",9014,"BENITO JUAREZ"
"S-1.1.12","NARVARTE-ALAMOS",9014,"BENITO JUAREZ"
"S-1.1.13","NARVARTE-ALAMOS",9014,"BENITO JUAREZ"
"S-1.1.14","NARVARTE-ALAMOS",9014,"BENITO JUAREZ"
"S-1.1.15","NARVARTE-ALAMOS",9014,"BENITO JUAREZ"
"S-1.1.16","NARVARTE-ALAMOS",9014,"BENITO JUAREZ"
"S-1.1.17","NARVARTE-ALAMOS",9014,"BENITO JUAREZ"
"S-1.1.18","NARVARTE-ALAMOS",9014,"BENITO JUAREZ"
"S-1.1.2","NARVARTE-ALAMOS",9014,"BENITO JUAREZ"
"S-1.1.3","NARVARTE-ALAMOS",9014,"BENITO JUAREZ"
"S-1.1.4","NARVARTE-ALAMOS",9014,"BENITO JUAREZ"
"S-1.1.5","NARVARTE-ALAMOS",9014,"BENITO JUAREZ"
"S-1.1.6","NARVARTE-ALAMOS",9014,"BENITO JUAREZ"
"S-1.1.7","NARVARTE-ALAMOS",9014,"BENITO JUAREZ"
"S-1.1.8","NARVARTE-ALAMOS",9014,"BENITO JUAREZ"
"S-1.1.9","NARVARTE-ALAMOS",9014,"BENITO JUAREZ"
"S-1.2.1","DEL VALLE",9014,"BENITO JUAREZ"
"S-1.2.10","DEL VALLE",9014,"BENITO JUAREZ"
"S-1.2.11","DEL VALLE",9014,"BENITO JUAREZ"
"S-1.2.12","DEL VALLE",9014,"BENITO JUAREZ"
"S-1.2.13","DEL VALLE",9014,"BENITO JUAREZ"
"S-1.2.14","DEL VALLE",9014,"BENITO JUAREZ"
"S-1.2.15","DEL VALLE",9014,"BENITO JUAREZ"
"S-1.2.16","DEL VALLE",9014,"BENITO JUAREZ"
"S-1.2.2","DEL VALLE",9014,"BENITO JUAREZ"
"S-1.2.3","DEL VALLE",9014,"BENITO JUAREZ"
"S-1.2.4","DEL VALLE",9014,"BENITO JUAREZ"
"S-1.2.5","DEL VALLE",9014,"BENITO JUAREZ"
"S-1.2.6","DEL VALLE",9014,"BENITO JUAREZ"
"S-1.2.7","DEL VALLE",9014,"BENITO JUAREZ"
"S-1.2.8","DEL VALLE",9014,"BENITO JUAREZ"
"S-1.2.9","DEL VALLE",9014,"BENITO JUAREZ"
"S-1.3.1","NAPOLES",9014,"BENITO JUAREZ"
"S-1.3.10","NAPOLES",9014,"BENITO JUAREZ"
"S-1.3.11","NAPOLES",9014,"BENITO JUAREZ"
"S-1.3.12","NAPOLES",9014,"BENITO JUAREZ"
"S-1.3.13","NAPOLES",9014,"BENITO JUAREZ"
"S-1.3.2","NAPOLES",9014,"BENITO JUAREZ"
"S-1.3.3","NAPOLES",9014,"BENITO JUAREZ"
"S-1.3.4","NAPOLES",9014,"BENITO JUAREZ"
"S-1.3.5","NAPOLES",9014,"BENITO JUAREZ"
"S-1.3.6","NAPOLES",9014,"BENITO JUAREZ"
"S-1.3.7","NAPOLES",9014,"BENITO JUAREZ"
"S-1.3.8","NAPOLES",9014,"BENITO JUAREZ"
"S-1.3.9","NAPOLES",9014,"BENITO JUAREZ"
"S-1.4.1","NATIVITAS",9014,"BENITO JUAREZ"
"S-1.4.2","NATIVITAS",9014,"BENITO JUAREZ"
"S-1.4.3","NATIVITAS",9014,"BENITO JUAREZ"
"S-1.4.4","NATIVITAS",9014,"BENITO JUAREZ"
"S-1.4.5","NATIVITAS",9014,"BENITO JUAREZ"
"S-1.4.6","NATIVITAS",9014,"BENITO JUAREZ"
"S-1.4.7","NATIVITAS",9014,"BENITO JUAREZ"
"S-1.4.8","NATIVITAS",9014,"BENITO JUAREZ"
"S-1.4.9","NATIVITAS",9014,"BENITO JUAREZ"
"S-1.5.1","PORTALES",9014,"BENITO JUAREZ"
"S-1.5.10","PORTALES",9014,"BENITO JUAREZ"
"S-1.5.11","PORTALES",9014,"BENITO JUAREZ"
"S-1.5.2","PORTALES",9014,"BENITO JUAREZ"
"S-1.5.3","PORTALES",9014,"BENITO JUAREZ"
"S-1.5.4","PORTALES",9014,"BENITO JUAREZ"
"S-1.5.5","PORTALES",9014,"BENITO JUAREZ"
"S-1.5.6","PORTALES",9014,"BENITO JUAREZ"
"S-1.5.7","PORTALES",9014,"BENITO JUAREZ"
"S-1.5.8","PORTALES",9014,"BENITO JUAREZ"
"S-1.5.9","PORTALES",9014,"BENITO JUAREZ"
"S-2.1.1","COYOACAN",9003,"COYOACAN"
"S-2.1.10","COYOACAN",9003,"COYOACAN"
"S-2.1.11","COYOACAN",9003,"COYOACAN"
"S-2.1.12","COYOACAN",9003,"COYOACAN"
"S-2.1.13","COYOACAN",9003,"COYOACAN"
"S-2.1.14","COYOACAN",9003,"COYOACAN"
"S-2.1.15","COYOACAN",9003,"COYOACAN"
"S-2.1.16","COYOACAN",9003,"COYOACAN"
"S-2.1.2","COYOACAN",9003,"COYOACAN"
"S-2.1.3","COYOACAN",9003,"COYOACAN"
"S-2.1.4","COYOACAN",9003,"COYOACAN"
"S-2.1.5","COYOACAN",9003,"COYOACAN"
"S-2.1.6","COYOACAN",9003,"COYOACAN"
"S-2.1.7","COYOACAN",9003,"COYOACAN"
"S-2.1.8","COYOACAN",9003,"COYOACAN"
"S-2.1.9","COYOACAN",9003,"COYOACAN"
"S-2.2.1","CULHUACAN",9003,"COYOACAN"
"S-2.2.10","CULHUACAN",9003,"COYOACAN"
"S-2.2.11","CULHUACAN",9003,"COYOACAN"
"S-2.2.12","CULHUACAN",9003,"COYOACAN"
"S-2.2.13","CULHUACAN",9003,"COYOACAN"
"S-2.2.14","CULHUACAN",9003,"COYOACAN"
"S-2.2.15","CULHUACAN",9003,"COYOACAN"
"S-2.2.2","CULHUACAN",9003,"COYOACAN"
"S-2.2.3","CULHUACAN",9003,"COYOACAN"
"S-2.2.4","CULHUACAN",9003,"COYOACAN"
"S-2.2.5","CULHUACAN",9003,"COYOACAN"
"S-2.2.6","CULHUACAN",9003,"COYOACAN"
"S-2.2.7","CULHUACAN",9003,"COYOACAN"
"S-2.2.8","CULHUACAN",9003,"COYOACAN"
"S-2.2.9","CULHUACAN",9003,"COYOACAN"
"S-2.3.1","TAXQUEÑA",9003,"COYOACAN"
"S-2.3.10","TAXQUEÑA",9003,"COYOACAN"
"S-2.3.11","TAXQUEÑA",9003,"COYOACAN"
"S-2.3.12","TAXQUEÑA",9003,"COYOACAN"
"S-2.3.13","TAXQUEÑA",9003,"COYOACAN"
"S-2.3.14","TAXQUEÑA",9003,"COYOACAN"
"S-2.3.15","TAXQUEÑA",9003,"COYOACAN"
"S-2.3.16","TAXQUEÑA",9003,"COYOACAN"
"S-2.3.17","TAXQUEÑA",9003,"COYOACAN"
"S-2.3.18","TAXQUEÑA",9003,"COYOACAN"
"S-2.3.2","TAXQUEÑA",9003,"COYOACAN"
"S-2.3.3","TAXQUEÑA",9003,"COYOACAN"
"S-2.3.4","TAXQUEÑA",9003,"COYOACAN"
"S-2.3.5","TAXQUEÑA",9003,"COYOACAN"
"S-2.3.6","TAXQUEÑA",9003,"COYOACAN"
"S-2.3.7","TAXQUEÑA",9003,"COYOACAN"
"S-2.3.8","TAXQUEÑA",9003,"COYOACAN"
"S-2.3.9","TAXQUEÑA",9003,"COYOACAN"
"S-2.4.1","UNIVERSIDAD",9003,"COYOACAN"
"S-2.4.10","UNIVERSIDAD",9003,"COYOACAN"
"S-2.4.11","UNIVERSIDAD",9003,"COYOACAN"
"S-2.4.12","UNIVERSIDAD",9003,"COYOACAN"
"S-2.4.13","UNIVERSIDAD",9003,"COYOACAN"
"S-2.4.14","UNIVERSIDAD",9003,"COYOACAN"
"S-2.4.2","UNIVERSIDAD",9003,"COYOACAN"
"S-2.4.3","UNIVERSIDAD",9003,"COYOACAN"
"S-2.4.4","UNIVERSIDAD",9003,"COYOACAN"
"S-2.4.5","UNIVERSIDAD",9003,"COYOACAN"
"S-2.4.6","UNIVERSIDAD",9003,"COYOACAN"
"S-2.4.7","UNIVERSIDAD",9003,"COYOACAN"
"S-2.4.8","UNIVERSIDAD",9003,"COYOACAN"
"S-2.4.9","UNIVERSIDAD",9003,"COYOACAN"
"S-2.5.1","XOTEPINGO",9003,"COYOACAN"
"S-2.5.10","XOTEPINGO",9003,"COYOACAN"
"S-2.5.11","XOTEPINGO",9003,"COYOACAN"
"S-2.5.2","XOTEPINGO",9003,"COYOACAN"
"S-2.5.3","XOTEPINGO",9003,"COYOACAN"
"S-2.5.4","XOTEPINGO",9003,"COYOACAN"
"S-2.5.5","XOTEPINGO",9003,"COYOACAN"
"S-2.5.6","XOTEPINGO",9003,"COYOACAN"
"S-2.5.7","XOTEPINGO",9003,"COYOACAN"
"S-2.5.8","XOTEPINGO",9003,"COYOACAN"
"S-2.5.9","XOTEPINGO",9003,"COYOACAN"
"S-3.1.1","DINAMO",9008,"MAGDALENA CONTRERAS"
"S-3.1.2","DINAMO",9008,"MAGDALENA CONTRERAS"
"S-3.1.3","DINAMO",9008,"MAGDALENA CONTRERAS"
"S-3.1.4","DINAMO",9008,"MAGDALENA CONTRERAS"
"S-3.1.5","DINAMO",9008,"MAGDALENA CONTRERAS"
"S-3.1.6","DINAMO",9008,"MAGDALENA CONTRERAS"
"S-3.2.1","SAN JERONIMO",9008,"MAGDALENA CONTRERAS"
"S-3.2.10","SAN JERONIMO",9008,"MAGDALENA CONTRERAS"
"S-3.2.11","SAN JERONIMO",9008,"MAGDALENA CONTRERAS"
"S-3.2.12","SAN JERONIMO",9008,"MAGDALENA CONTRERAS"
"S-3.2.13","SAN JERONIMO",9008,"MAGDALENA CONTRERAS"
"S-3.2.2","SAN JERONIMO",9008,"MAGDALENA CONTRERAS"
"S-3.2.3","SAN JERONIMO",9008,"MAGDALENA CONTRERAS"
"S-3.2.4","SAN JERONIMO",9008,"MAGDALENA CONTRERAS"
"S-3.2.5","SAN JERONIMO",9008,"MAGDALENA CONTRERAS"
"S-3.2.6","SAN JERONIMO",9008,"MAGDALENA CONTRERAS"
"S-3.2.7","SAN JERONIMO",9008,"MAGDALENA CONTRERAS"
"S-3.2.8","SAN JERONIMO",9008,"MAGDALENA CONTRERAS"
"S-3.2.9","SAN JERONIMO",9008,"MAGDALENA CONTRERAS"
"S-3.3.1","COAPA",9012,"TLALPAN"
"S-3.3.10","COAPA",9012,"TLALPAN"
"S-3.3.11","COAPA",9012,"TLALPAN"
"S-3.3.12","COAPA",9012,"TLALPAN"
"S-3.3.13","COAPA",9012,"TLALPAN"
"S-3.3.14","COAPA",9012,"TLALPAN"
"S-3.3.15","COAPA",9012,"TLALPAN"
"S-3.3.16","COAPA",9012,"TLALPAN"
"S-3.3.17","COAPA",9012,"TLALPAN"
"S-3.3.2","COAPA",9012,"TLALPAN"
"S-3.3.3","COAPA",9012,"TLALPAN"
"S-3.3.4","COAPA",9012,"TLALPAN"
"S-3.3.5","COAPA",9012,"TLALPAN"
"S-3.3.6","COAPA",9012,"TLALPAN"
"S-3.3.7","COAPA",9012,"TLALPAN"
"S-3.3.8","COAPA",9012,"TLALPAN"
"S-3.3.9","COAPA",9012,"TLALPAN"
"S-3.4.1","FUENTE",9012,"TLALPAN"
"S-3.4.10","FUENTE",9012,"TLALPAN"
"S-3.4.2","FUENTE",9012,"TLALPAN"
"S-3.4.3","FUENTE",9012,"TLALPAN"
"S-3.4.4","FUENTE",9012,"TLALPAN"
"S-3.4.5","FUENTE",9012,"TLALPAN"
"S-3.4.6","FUENTE",9012,"TLALPAN"
"S-3.4.7","FUENTE",9012,"TLALPAN"
"S-3.4.8","FUENTE",9012,"TLALPAN"
"S-3.4.9","FUENTE",9012,"TLALPAN"
"S-3.5.1","HUIPULCO-HOSPITALES",9012,"TLALPAN"
"S-3.5.10","HUIPULCO-HOSPITALES",9012,"TLALPAN"
"S-3.5.11","HUIPULCO-HOSPITALES",9012,"TLALPAN"
"S-3.5.12","HUIPULCO-HOSPITALES",9012,"TLALPAN"
"S-3.5.13","HUIPULCO-HOSPITALES",9012,"TLALPAN"
"S-3.5.14","HUIPULCO-HOSPITALES",9012,"TLALPAN"
"S-3.5.15","HUIPULCO-HOSPITALES",9012,"TLALPAN"
"S-3.5.2","HUIPULCO-HOSPITALES",9012,"TLALPAN"
"S-3.5.3","HUIPULCO-HOSPITALES",9012,"TLALPAN"
"S-3.5.4","HUIPULCO-HOSPITALES",9012,"TLALPAN"
"S-3.5.5","HUIPULCO-HOSPITALES",9012,"TLALPAN"
"S-3.5.6","HUIPULCO-HOSPITALES",9012,"TLALPAN"
"S-3.5.7","HUIPULCO-HOSPITALES",9012,"TLALPAN"
"S-3.5.8","HUIPULCO-HOSPITALES",9012,"TLALPAN"
"S-3.5.9","HUIPULCO-HOSPITALES",9012,"TLALPAN"
"S-3.6.1","PADIERNA",9012,"TLALPAN"
"S-3.6.2","PADIERNA",9012,"TLALPAN"
"S-3.6.3","PADIERNA",9012,"TLALPAN"
"S-3.6.4","PADIERNA",9012,"TLALPAN"
"S-3.6.5","PADIERNA",9012,"TLALPAN"
"S-3.6.6","PADIERNA",9012,"TLALPAN"
"S-3.6.7","PADIERNA",9012,"TLALPAN"
"S-3.6.8","PADIERNA",9012,"TLALPAN"
